Leemis_m,Cho-Gains_d,Note
0.954242509439325*,1.03630998450624,Signif. codes: 0 '***' 0.01 '**' 0.05 '*' 0.1 ' ' 1
